Id,Email,Username,Password,LastLogin,LoginCount
66c71f2b-6ab7-4500-ae8b-2cef1b997e66,perash98@gmail.com,Perash,$2a$11$iyR87NZ6.ZWQha11y34zW.9Lpnu7hiWX6aX0VZjftkErcJaRCkN4q,10/11/2022,53
49044592-d2ca-4254-b6bd-0d1968b929a3,hebber@gmail.com,sssssss,$2a$11$bLfYuOc7Jr/uOSRlQm6qfe4bOhnNG.57lADNajyj5Hv0nGb.XD20y,,0
0ac46d88-0d6a-4595-93d5-b90bb9d8c8df,HansonBob@HansonBob.com,Bob Hanson,$2a$11$CFhsxGoE3iNuJvheIVHztu2.QlEZKumYvggt8V2HAPMSnP2qe.FhG,,0
453e7f22-1305-4538-9d31-7a2cfd25e488,sssssssssssss@sssssss.com,ssssssss,$2a$11$rjSzBYHaP.G.WIo4gcDLT.YWMiMQbch/75t1by/kxCA8CXojJ3aEG,,0
708dcdfc-1b49-422e-aa34-dbb3e78a9af1,hhh@hhh.com,Perry,$2a$11$cdUVdwOiWKR/SPumWcYfoeOcu1tixd6Yoc9fRGJO4A5i2NpHYvoUa,,0
aa2d27ee-8782-48a0-a0e2-25ad85029931,aloha@gmail.com,aloha,$2a$11$voxvJTIprS/qL3VnYV350OPPRBkPvVc1HuNYjLpFDSBHuvDwpLcpa,,0
499a3cfa-3690-4250-94b4-ce0c15da1697,olla@olla.com,ollaolla,$2a$11$yiZqK4aNRfjdM82lI9S7ieueWhMqtKxDV5tmV46JyxFdSwVxNmQVK,,0
02c1c4b0-b560-4039-a1ad-e0c57b00b2ec,wwwww@.c,wwwwww,$2a$11$tugquxnz2mg29H4l0vzmZON6iqVuqIwJ2XLHDtvxBy6pEff0eZ9b2,,0
0206ce44-6a3e-4dae-87db-b5b3a4fb3abd,kkkkkk@kkkkkk.com,kkkkkkkk,$2a$11$s3Q0pUQT6MxNvtvuPX/g7uTICjV8tTpQSOTtsWMEAbKFy802IikUS,,0
de5b43ac-0c90-460e-8c16-02ce7c83524b,h98@gmail.com,ssssssss,$2a$11$2N2gcZWy1oLvdGOoq.2GB.QwXqMKHDOrQLWXYx/j7GEaZ80PVPabC,,0
ff6d77c6-602b-449e-8a03-3c11e2f02451,hello@h.com,hello,$2a$11$zLK0CohNLn237xnUiOC2zuF0UKjpLWoJ57FcNLe8Pp.8b/vwER5.i,,0
8412af84-50cc-4c38-9311-6dbe2df1db27,hlohlo@hlo.com,Hlohlo,$2a$11$nf6Y7XrGJXy4BufQycQk3.x.RajSN0Cn8sbstshf0Ouj3Tmbp3M82,,0
5a8f9d18-f8cb-4416-8511-f43abd2372f3,hoooo@ho.com,hoooooo,$2a$11$Yce/.9CEyRxa36ADmOe/.ed837biUCThEQzEPGHe7BFhkXnENMvm2,,0
8dfc3310-3a9c-4e58-b0e8-3a3de5bd41ec,lo@lololo.com,looooooooo,$2a$11$1pchiRehsZ6ertftcuXIxeCSrjh5RADzK1DkCzV2/dTIRElEYx3uW,,0
48ed4de3-2632-4f67-b64e-11193c52efd5,errrrrrrrrrr@er.com,errrrrrrrrrr,$2a$11$nypqABZ/K59DMctl8Qx/QO5C/OKilIb0aE0UOR/NMaimd5RKjiHly,,0
5cad3def-13a2-4186-8003-a95d1dbed8f0,tttttttt@tttt.com,tttttttttt,$2a$11$i94hpeF1H7g5GnNwhd/6mOnWn95Us3HTwD7zaLpGNtmkMY6lfVS/.,,0
e2f467a5-4a3c-4cf2-b037-ff0637a68ac1,tttttttt@ttttttt.com,tttttttt,$2a$11$0ZEW57rrmIvlUz5P0PyTyO5EUI3eoKFeTOnCXE3rukopuMUv3aXWa,,0
85dde6da-05bb-4912-9c56-d5c1b68bfedd,oo@ooooo.com,ooooooooooo,$2a$11$NsZb6kH0nUl52mwzy0vfT.MujOkCUNKMI5xcV8nczkfYukFxgsw0O,,0
408dafc8-7400-406d-b847-4219307738e4,ii@iiii.com,iiiiiiiii,$2a$11$oN065tVRcoM0oGeBdhSCLeJ5H9kwAOHVWAQ1tzP.21D98h2I6FQa6,,0
314416f8-5000-43cc-9c9f-53acf7a60391,ww@.2222222wwwcom,wwwwwwwwwwwwwwwwwww,$2a$11$iz9Isop6SR8YZN5w.SXh4uH8XFG8Pclyr.SDh7RDpuYgi8qLsRYaC,,0
f0d95fed-e781-4f60-b0bd-d8e3113efc18,rrrrrrrr@rrrrrrrr.com,rrrrrrrrrrr,$2a$11$Tm8dgoEUZ5CX8x0eCM6nC.D67ND3DQVRYOdCpT70Lvuyy6dWLXZ6i,,0
856f1590-e434-4f14-9b02-83b466cc32f8,qqqqq@qqqqqqq.com,wwwwwwww,$2a$11$pbL94hwNoBJIAZLUBC9EXetJMmz30.VI0FZNnjGMpYMA7.USc91se,,0
851f46a8-3949-45f1-81ab-144e344834ed,aaaaaaaaa@.aa,aaaaaaaa,$2a$11$ms7P5Dyr3JYpf6r5SG/Jx.4wmPO7AA4I7TETOMxzeDMHjP2cSR/S2,,0
6d2006b6-f76e-4b27-ade0-144ad6e31d09,iiiiiii@.o,iiiiiiii,$2a$11$03af2JxISaW.ptL1tWQRpuTbWaCGyLE2F4nRiSWNz7r0Rha2lznLK,,0
5994034c-ca5d-4612-973f-b43eaaccd2ac,qqqqqqqq@.1,eeeeew,$2a$11$YwcecuyJv/dLooxnoMdyge.GpsOYF84u3a5WKgG6Zt77mpESBWdum,,0
b961707d-5a57-4711-80e2-7a1a3c4a7e68,p@.commmm,reshi,$2a$11$dTodX.DUFyEBX6r1WUbcKuhQt0PnHoUh6pejxV8CMlKE7GbcTyaJC,,0
73687fe7-5191-4dd7-94e4-77239fc1e3cb,ssss@ee.com,ttttttt,$2a$11$rdEqeVykuV8DxIhOzMJ45enGIoLbVr9i5X5N2JGNWDMxBCraLVyy6,,0
